{"tq3qrJSRFS29ySX+zlIkdw==":"mycoopshop_hero_light-1920x1080.png","zD4VXN9JqVqLiRQEeR5OsA==":"mycoopshop_hero_largewhite-2000x900.png","lwdajjElWQ3AynuKwC8+1A==":"client-1.webp","7wcqADTI2llk03DRNoyw+g==":"client-2.webp","dBp+//b7tNuQjkE6NgvPSQ==":"client-3.webp","co9cKG9pxH3UiQ+LgeRyPw==":"client-4.webp","g2YXHkIiTtPW7VM2p6iD8w==":"client-5.webp","PlzgPUKXCImNJ2PVyEdgFg==":"client-6.webp","HnyV40QQbzq6MwyOvmLUjQ==":"client-7.webp","1yUT/aw8tANEC6K3o/dbPQ==":"gadget-3.jpg","uEZ5YxXhSp7e9vWgdjp1Aw==":"snalogo_2_original%202-280x187.png","rUXs7giC8zdC2Rbt/CNYQA==":"mycoopshopcircle-214x214-108x108.png","RyqERizbPNkgJo6cIjbfeA==":"background-1.jpg","OU9drHyyssR7u2OG/72jCg==":"people1.jpg","rRw7NLbgGmZ2IMHWH5ITNw==":"people3.jpg","YSWb8/CPCm6DRmKggO9ghw==":"people2.jpg","Tu5VQyeL1ORcyXdN+QWoaA==":"background1-1.jpg","1pnBG2lPCdwNHCRX+M8fDQ==":"mycoopshop-imageset1-1-1080x1080.png","gWYkz7RH7+xbnKnTBMK95A==":"mycoopshop-imageset2-2-1080x1080.png","KUqk3QNx6L4duAL5ht0DBA==":"mycoopshop-imageset3-1-1080x1080.png","o+ddFpJngU42aaD/HtDi2g==":"background1-2.jpg","gozzl/GN8IRCQg3QUq5NEw==":"business%20map-1080x1080.png","DDUdTkpQj+jv1p8x8JJ75w==":"digital%20assets%20-1080x1080.png","PUpplPk26D7KF4p7PqAn1g==":"bg4.jpg","RTHDIsiFYgumOspafI+BiA==":"thebusinessmap-2-1080x1080.png","MISatX/VnHSNRRb6aYM1vg==":"background1-4.jpg","JThWpSYeo01PmCYnF6DWbg==":"digitalassets-1080x1080.png","IbNKs0bIWRepAzZByNRpQQ==":"websitecreation-1080x1080.png","f64D161a5jzLBeq59EFlVA==":"measureimpact-1080x1080.png","tuorkSXQF66A1EHh+a4CAg==":"background3.jpeg","PFd/jEhu7Ka9Rx3Qs9lqwQ==":"04.jpg","3Xj35o6tdWFkMAKGxp99qw==":"02.jpg","jUuh6NMp9DkGVvn6G+6lbA==":"background1-5.jpg","k8tbjL09Ui8WO1saJ+xTTA==":"mbr-1048x550.jpeg","AuKCEhcWcV/wOYDy8e0mqQ==":"mbr-1048x699.jpeg","10wZ1uyYITtBnUU7jv+azA==":"mbr-1-1048x699.jpeg","Oh4lDHKvAsw1zma+oh2o9Q==":"mbr-3-1048x699.jpeg","PfEaMPKIpRvKFI4sUCuZsg==":"mycoopshop_hero_largewhite-build-2-2000x900.png","Ua2lDM7xZJu5yr+DGTvl8g==":"mycoopshop_hero_largewhite-design1-2000x900.png","gzy1keqcglfIF6UCpxsxUA==":"mbr-1048x696.jpeg","r1YnF58pN+Jas17gY+yHoQ==":"mbr-1-1048x696.jpeg","2h8vZTgbReg59o1wh/1dxw==":"mbr-1048x519.jpeg","Qx6alZ4PbLTTmtXZG8yigw==":"mbr-1048x526.jpeg","7K3DiJMLYfUsehh4leU+KA==":"background1-6.jpg","ItTTJaSB/rFUK9asa+LhVA==":"mbr-916x553.jpg","wpfvhODd9LwqLcM6Cis7HQ==":"angelaprofile-removebg%20(1)-504x496.png","EE2zirYPlJwmWIY3YJF0UA==":"angelaleejenkins-1-562x487.png","XAySjQ6HdEn52A/igj8CTQ==":"craignielsen-1-562x487.png","ks86rJcJTw7aIYmDQmMCJg==":"samandchris-562x487.png","Hw3S0bYAsAGkjUe1SkHq/w==":"tanya_signature-1-260x189.png","Nk7D29CxHCxvSV5/ZwQiaQ==":"tan_corp1-800x1200.jpeg","3wdi6YCX34Wvij9elm/vfw==":"davefraser-signature-1-260x260.png","SZhYSgngB3l2y6MAPo6xwQ==":"dave_photo-710x1000.jpeg","+bwWb6FJuB3pCOu7SMnaCg==":"background4.jpg","yI120f4RyRQQ8ASup6MrgA==":"angelalee.webp","AzkKYz5rSckZQQiL9DlcNg==":"angela-lee-will2liv-life-podcast2-2-1200x628.png","3bM7900doHqxYqsrz9PFwg==":"peakescapes.webp","Qy3lz/7T9CL4ZVzW7XgaSQ==":"toptermite.webp","AOQlzqdVsQzpsAGHwm7kfA==":"greentrees.webp","f3gPe+rX0GjJufvMGCp03w==":"amplify.webp","FMGSK4E4k6J3eK97/lLNmg==":"fullhorison.webp","vv4xq7+ggy0F93uwOYuOIg==":"screen%20shot%202021-02-11%20at%205.24.49%20pm-667x488.png","+VMQbhm2o1htH0WS4WjSJw==":"portfolio-raywhite-667x500.png","cnezrsdwvwM2iVsvE2d+HA==":"portfolio-melissa-667x500.png","bsb67VmEY/vF3+yJbaxIWg==":"portfolio-exodus-667x500.png","n/M/D81V/S0IdCtaVCeg+Q==":"portfolio-kinetic-667x500.png","Sv7/5D/Eyd/CWaeR+h1mdA==":"portfolio-solutions-667x500.png","9OKs+dn84uAnwRLbeZQzHw==":"portfolio-fiorente-667x500.png","AqKEEl3fRn8Ixeg63aednw==":"portfolio-engaging-667x500.png","7rOQp5tLk3cPmwoInb1wiw==":"portfolio-t2m-667x500.png","+uTyzWKtjG2t7NZmVwmTVg==":"mycoopshop-portfolio-ang_white-1-1920x1200.png","jOjtUMxuPtlo7JeiOpfh3Q==":"background15.png","pn6ro+3vz1Sd2BTB+dUyRA==":"websiteblog1header-1350x650.png","7DJTsN0Dg8OdkAzWAMYH8A==":"websiteblog1squarecontent-2-1080x1080.png","eAD21KiqTCwPE0k+IbAqVA==":"mycoopshop-blog2-header-1920x808.png","YP4fzP5tBCfspgR1RvhbGQ==":"background2-2.jpg","sUDQpn4Mxir660RpFeG7xA==":"matildaryan-2-562x487.png","LXANPzbiJJMwf9mDLRMGAQ==":"mbr-1048x656.jpeg","rWbyjpROQ0ut5JfJyrLKCg==":"mbr-2-1048x696.jpeg","4qU7WDAcHj1X/wtW1Ofztg==":"mbr-4-1048x699.jpeg","wMAMy/ojWQK2sZFxVDjySw==":"mbr-5-1048x699.jpeg","LTiWUTQBtOX7CA5HnjZVqw==":"hostingheaderimage-1350x650.png","Qi2uPjo3xNQQ1346I5h6jw==":"bg6.jpg","Zkqtkvf/F1IyqrE0xbx3jg==":"mycoopshop-imageset3-2-1080x1080.png","aKxwkKoAgl3IcXHbpL8QBA==":"background4-1.jpg","t5nAwv496y99nNC3REfB+A==":"mbr-1920x1082.jpeg","b31ycmmGXzNg3Tz+bPvCHw==":"mbr-1920x1357.jpg","9mVL0pjgcRLx7cuYQW6Fig==":"404-page-1080x1080.png","SLsfnpcT+IWbLWgGSCtIsA==":"mbr-1080x719.jpeg","Lel39cr17liDVtbg4AYW0Q==":"dave&tan_sit_computer-1080x1440.jpeg","HfgtDOWdtC3T9zP11YxNIw==":"aboutus_family-1350x650.png","+ibZTqvD3K00sPAfZubIow==":"davetansitting-1080x1080.png","jIwq/+hdQt21FIq34xBPlg==":"contacts_davetansitting-1080x1080.png","Z5o4xC+ZoXKmwBWNY4GZDQ==":"mycoopshop%20copy-320x134.png","ZfrmwO/g6FQGRGqP6weCQA==":"outsourcingteam-889x889.png","BREEBeGmo+dlUHZwddOfkA==":"background3-2.jpg","4yJsH4p4Mbi+OnwkdsgKsQ==":"background9.jpg","fSUfIwCF4tEutl76NcScrQ==":"img3.jpg","C9dNBzGNFItH9Gyipr8gwQ==":"background4-2.jpg","2bMtVqHKIzIxw9Y4/LzRDQ==":"mycoopshop_hero_davetanoffice-2000x900.png","cQCiG74KpcWN+eNlnA6KNQ==":"background4-2.jpeg","TGMrW3GbWb/jbd05Wsf8Pw==":"sitting-1.svg","4rH2Zkk1Kv2QgF+DpcFgMw==":"pricingpage-build-974x974.png"}